symbol,timestamp,time_utc,time_local,open,high,low,close,volume
TONUSDT,1761156300000,2025-10-22 18:05:00,2025-10-22 23:05:24.890,2.1300000000,2.1310000000,2.1300000000,2.1310000000,677.5200000000
TONUSDT,1761156300000,2025-10-22 18:05:00,2025-10-22 23:05:26.583,2.1300000000,2.1310000000,2.1300000000,2.1310000000,677.5200000000
TONUSDT,1761156300000,2025-10-22 18:05:00,2025-10-22 23:05:28.324,2.1300000000,2.1310000000,2.1300000000,2.1310000000,677.5200000000
TONUSDT,1761156300000,2025-10-22 18:05:00,2025-10-22 23:05:30.007,2.1300000000,2.1310000000,2.1300000000,2.1310000000,679.3500000000
TONUSDT,1761156300000,2025-10-22 18:05:00,2025-10-22 23:05:31.674,2.1300000000,2.1310000000,2.1300000000,2.1300000000,769.8800000000
TONUSDT,1761156300000,2025-10-22 18:05:00,2025-10-22 23:05:33.442,2.1300000000,2.1310000000,2.1300000000,2.1300000000,769.8800000000
TONUSDT,1761156300000,2025-10-22 18:05:00,2025-10-22 23:05:35.078,2.1300000000,2.1310000000,2.1300000000,2.1300000000,771.8800000000
TONUSDT,1761156300000,2025-10-22 18:05:00,2025-10-22 23:05:36.720,2.1300000000,2.1310000000,2.1300000000,2.1300000000,771.8800000000
TONUSDT,1761156300000,2025-10-22 18:05:00,2025-10-22 23:05:38.521,2.1300000000,2.1310000000,2.1300000000,2.1300000000,771.8800000000
TONUSDT,1761156300000,2025-10-22 18:05:00,2025-10-22 23:05:40.207,2.1300000000,2.1310000000,2.1300000000,2.1300000000,771.8800000000
TONUSDT,1761156300000,2025-10-22 18:05:00,2025-10-22 23:05:42.166,2.1300000000,2.1310000000,2.1300000000,2.1300000000,771.8800000000
TONUSDT,1761156300000,2025-10-22 18:05:00,2025-10-22 23:05:43.867,2.1300000000,2.1310000000,2.1300000000,2.1300000000,874.6800000000
TONUSDT,1761156300000,2025-10-22 18:05:00,2025-10-22 23:05:45.520,2.1300000000,2.1310000000,2.1300000000,2.1300000000,874.6800000000
TONUSDT,1761156300000,2025-10-22 18:05:00,2025-10-22 23:05:47.228,2.1300000000,2.1310000000,2.1300000000,2.1300000000,874.6800000000
TONUSDT,1761156300000,2025-10-22 18:05:00,2025-10-22 23:05:48.994,2.1300000000,2.1310000000,2.1300000000,2.1300000000,879.3700000000
TONUSDT,1761156300000,2025-10-22 18:05:00,2025-10-22 23:05:50.701,2.1300000000,2.1310000000,2.1300000000,2.1300000000,886.4100000000
TONUSDT,1761156300000,2025-10-22 18:05:00,2025-10-22 23:05:52.535,2.1300000000,2.1310000000,2.1300000000,2.1300000000,886.4100000000
TONUSDT,1761156300000,2025-10-22 18:05:00,2025-10-22 23:05:54.372,2.1300000000,2.1310000000,2.1300000000,2.1300000000,886.4100000000
TONUSDT,1761156300000,2025-10-22 18:05:00,2025-10-22 23:05:56.188,2.1300000000,2.1310000000,2.1300000000,2.1300000000,886.4100000000
TONUSDT,1761156300000,2025-10-22 18:05:00,2025-10-22 23:05:57.915,2.1300000000,2.1310000000,2.1300000000,2.1300000000,886.4100000000
TONUSDT,1761156300000,2025-10-22 18:05:00,2025-10-22 23:05:59.758,2.1300000000,2.1310000000,2.1300000000,2.1300000000,886.4100000000
TONUSDT,1761156360000,2025-10-22 18:06:00,2025-10-22 23:06:01.586,2.1300000000,2.1300000000,2.1300000000,2.1300000000,0.0000000000
TONUSDT,1761156360000,2025-10-22 18:06:00,2025-10-22 23:06:03.203,2.1300000000,2.1300000000,2.1300000000,2.1300000000,218.0700000000
TONUSDT,1761156360000,2025-10-22 18:06:00,2025-10-22 23:06:04.943,2.1300000000,2.1300000000,2.1300000000,2.1300000000,218.0700000000
TONUSDT,1761156360000,2025-10-22 18:06:00,2025-10-22 23:06:06.586,2.1300000000,2.1300000000,2.1300000000,2.1300000000,497.0800000000
TONUSDT,1761156360000,2025-10-22 18:06:00,2025-10-22 23:06:08.196,2.1300000000,2.1300000000,2.1300000000,2.1300000000,497.0800000000
TONUSDT,1761156360000,2025-10-22 18:06:00,2025-10-22 23:06:09.943,2.1300000000,2.1300000000,2.1300000000,2.1300000000,544.1700000000
TONUSDT,1761156360000,2025-10-22 18:06:00,2025-10-22 23:06:11.721,2.1300000000,2.1300000000,2.1300000000,2.1300000000,544.1700000000
TONUSDT,1761156360000,2025-10-22 18:06:00,2025-10-22 23:06:13.483,2.1300000000,2.1300000000,2.1300000000,2.1300000000,544.1700000000
TONUSDT,1761156360000,2025-10-22 18:06:00,2025-10-22 23:06:15.263,2.1300000000,2.1300000000,2.1300000000,2.1300000000,544.1700000000
TONUSDT,1761156360000,2025-10-22 18:06:00,2025-10-22 23:06:17.256,2.1300000000,2.1300000000,2.1290000000,2.1290000000,556.8100000000
TONUSDT,1761156360000,2025-10-22 18:06:00,2025-10-22 23:06:19.126,2.1300000000,2.1300000000,2.1290000000,2.1290000000,556.8100000000
TONUSDT,1761156360000,2025-10-22 18:06:00,2025-10-22 23:06:21.428,2.1300000000,2.1300000000,2.1290000000,2.1290000000,556.8100000000
TONUSDT,1761156360000,2025-10-22 18:06:00,2025-10-22 23:06:23.677,2.1300000000,2.1300000000,2.1290000000,2.1290000000,556.8100000000
TONUSDT,1761156360000,2025-10-22 18:06:00,2025-10-22 23:06:25.331,2.1300000000,2.1300000000,2.1290000000,2.1290000000,603.7800000000
TONUSDT,1761156360000,2025-10-22 18:06:00,2025-10-22 23:06:26.970,2.1300000000,2.1300000000,2.1290000000,2.1290000000,603.7800000000
TONUSDT,1761156360000,2025-10-22 18:06:00,2025-10-22 23:06:28.586,2.1300000000,2.1300000000,2.1290000000,2.1290000000,650.7500000000
TONUSDT,1761156360000,2025-10-22 18:06:00,2025-10-22 23:06:30.642,2.1300000000,2.1300000000,2.1290000000,2.1290000000,650.7500000000
TONUSDT,1761156360000,2025-10-22 18:06:00,2025-10-22 23:06:32.364,2.1300000000,2.1300000000,2.1290000000,2.1290000000,650.7500000000
TONUSDT,1761156360000,2025-10-22 18:06:00,2025-10-22 23:06:34.155,2.1300000000,2.1300000000,2.1290000000,2.1290000000,650.7500000000
TONUSDT,1761156360000,2025-10-22 18:06:00,2025-10-22 23:06:35.809,2.1300000000,2.1300000000,2.1290000000,2.1290000000,650.7500000000
TONUSDT,1761156360000,2025-10-22 18:06:00,2025-10-22 23:06:37.631,2.1300000000,2.1300000000,2.1290000000,2.1290000000,650.7500000000
TONUSDT,1761156360000,2025-10-22 18:06:00,2025-10-22 23:06:39.368,2.1300000000,2.1300000000,2.1290000000,2.1290000000,650.7500000000
TONUSDT,1761156360000,2025-10-22 18:06:00,2025-10-22 23:06:41.192,2.1300000000,2.1300000000,2.1290000000,2.1290000000,650.7500000000
TONUSDT,1761156360000,2025-10-22 18:06:00,2025-10-22 23:06:42.868,2.1300000000,2.1300000000,2.1290000000,2.1290000000,655.3400000000
TONUSDT,1761156360000,2025-10-22 18:06:00,2025-10-22 23:06:44.601,2.1300000000,2.1300000000,2.1290000000,2.1290000000,655.3400000000
TONUSDT,1761156360000,2025-10-22 18:06:00,2025-10-22 23:06:46.268,2.1300000000,2.1300000000,2.1290000000,2.1290000000,655.3400000000
TONUSDT,1761156360000,2025-10-22 18:06:00,2025-10-22 23:06:47.969,2.1300000000,2.1300000000,2.1290000000,2.1290000000,655.3400000000
TONUSDT,1761156360000,2025-10-22 18:06:00,2025-10-22 23:06:49.646,2.1300000000,2.1300000000,2.1290000000,2.1290000000,661.9100000000
TONUSDT,1761156360000,2025-10-22 18:06:00,2025-10-22 23:06:51.272,2.1300000000,2.1300000000,2.1290000000,2.1290000000,661.9100000000
TONUSDT,1761156360000,2025-10-22 18:06:00,2025-10-22 23:06:52.980,2.1300000000,2.1300000000,2.1290000000,2.1290000000,661.9100000000
TONUSDT,1761156360000,2025-10-22 18:06:00,2025-10-22 23:06:54.623,2.1300000000,2.1300000000,2.1290000000,2.1290000000,2012.0700000000
TONUSDT,1761156360000,2025-10-22 18:06:00,2025-10-22 23:06:56.325,2.1300000000,2.1300000000,2.1290000000,2.1290000000,2512.0700000000
TONUSDT,1761156360000,2025-10-22 18:06:00,2025-10-22 23:06:57.947,2.1300000000,2.1300000000,2.1290000000,2.1290000000,2512.0700000000
TONUSDT,1761156360000,2025-10-22 18:06:00,2025-10-22 23:06:59.542,2.1300000000,2.1300000000,2.1290000000,2.1290000000,2512.0700000000
TONUSDT,1761156420000,2025-10-22 18:07:00,2025-10-22 23:07:01.188,2.1290000000,2.1290000000,2.1290000000,2.1290000000,0.0000000000
TONUSDT,1761156420000,2025-10-22 18:07:00,2025-10-22 23:07:02.819,2.1290000000,2.1290000000,2.1290000000,2.1290000000,0.0000000000
TONUSDT,1761156420000,2025-10-22 18:07:00,2025-10-22 23:07:04.469,2.1290000000,2.1290000000,2.1280000000,2.1280000000,13.8700000000
TONUSDT,1761156420000,2025-10-22 18:07:00,2025-10-22 23:07:06.114,2.1290000000,2.1290000000,2.1280000000,2.1280000000,68.6200000000
TONUSDT,1761156420000,2025-10-22 18:07:00,2025-10-22 23:07:07.825,2.1290000000,2.1290000000,2.1280000000,2.1280000000,68.6200000000
TONUSDT,1761156420000,2025-10-22 18:07:00,2025-10-22 23:07:09.465,2.1290000000,2.1290000000,2.1280000000,2.1280000000,398.2300000000
TONUSDT,1761156420000,2025-10-22 18:07:00,2025-10-22 23:07:11.105,2.1290000000,2.1290000000,2.1280000000,2.1280000000,405.8300000000
TONUSDT,1761156420000,2025-10-22 18:07:00,2025-10-22 23:07:12.889,2.1290000000,2.1290000000,2.1280000000,2.1280000000,563.9200000000
TONUSDT,1761156420000,2025-10-22 18:07:00,2025-10-22 23:07:14.607,2.1290000000,2.1290000000,2.1280000000,2.1280000000,563.9200000000
TONUSDT,1761156420000,2025-10-22 18:07:00,2025-10-22 23:07:16.259,2.1290000000,2.1290000000,2.1280000000,2.1280000000,563.9200000000
TONUSDT,1761156420000,2025-10-22 18:07:00,2025-10-22 23:07:17.865,2.1290000000,2.1290000000,2.1280000000,2.1280000000,563.9200000000
TONUSDT,1761156420000,2025-10-22 18:07:00,2025-10-22 23:07:19.492,2.1290000000,2.1290000000,2.1280000000,2.1280000000,563.9200000000
TONUSDT,1761156420000,2025-10-22 18:07:00,2025-10-22 23:07:21.150,2.1290000000,2.1290000000,2.1280000000,2.1280000000,694.8600000000
TONUSDT,1761156420000,2025-10-22 18:07:00,2025-10-22 23:07:22.773,2.1290000000,2.1290000000,2.1280000000,2.1290000000,699.8600000000
TONUSDT,1761156420000,2025-10-22 18:07:00,2025-10-22 23:07:24.484,2.1290000000,2.1290000000,2.1280000000,2.1280000000,802.8700000000
TONUSDT,1761156420000,2025-10-22 18:07:00,2025-10-22 23:07:26.137,2.1290000000,2.1290000000,2.1280000000,2.1280000000,802.8700000000
TONUSDT,1761156420000,2025-10-22 18:07:00,2025-10-22 23:07:27.803,2.1290000000,2.1290000000,2.1280000000,2.1280000000,803.3300000000
TONUSDT,1761156420000,2025-10-22 18:07:00,2025-10-22 23:07:29.438,2.1290000000,2.1290000000,2.1280000000,2.1280000000,803.3300000000
TONUSDT,1761156420000,2025-10-22 18:07:00,2025-10-22 23:07:31.220,2.1290000000,2.1290000000,2.1280000000,2.1280000000,803.3300000000
TONUSDT,1761156420000,2025-10-22 18:07:00,2025-10-22 23:07:33.181,2.1290000000,2.1290000000,2.1280000000,2.1280000000,803.3300000000
TONUSDT,1761156420000,2025-10-22 18:07:00,2025-10-22 23:07:34.785,2.1290000000,2.1290000000,2.1280000000,2.1280000000,803.3300000000
TONUSDT,1761156420000,2025-10-22 18:07:00,2025-10-22 23:07:36.448,2.1290000000,2.1290000000,2.1280000000,2.1280000000,803.3300000000
TONUSDT,1761156420000,2025-10-22 18:07:00,2025-10-22 23:07:38.112,2.1290000000,2.1290000000,2.1280000000,2.1280000000,803.3300000000
TONUSDT,1761156420000,2025-10-22 18:07:00,2025-10-22 23:07:39.764,2.1290000000,2.1290000000,2.1280000000,2.1280000000,919.6500000000
TONUSDT,1761156420000,2025-10-22 18:07:00,2025-10-22 23:07:41.413,2.1290000000,2.1290000000,2.1280000000,2.1280000000,919.6500000000
TONUSDT,1761156420000,2025-10-22 18:07:00,2025-10-22 23:07:43.187,2.1290000000,2.1290000000,2.1270000000,2.1270000000,1006.3600000000
TONUSDT,1761156420000,2025-10-22 18:07:00,2025-10-22 23:07:44.954,2.1290000000,2.1290000000,2.1270000000,2.1270000000,1006.3600000000
TONUSDT,1761156420000,2025-10-22 18:07:00,2025-10-22 23:07:46.620,2.1290000000,2.1290000000,2.1270000000,2.1270000000,1006.3600000000
TONUSDT,1761156420000,2025-10-22 18:07:00,2025-10-22 23:07:48.271,2.1290000000,2.1290000000,2.1270000000,2.1270000000,1006.3600000000
TONUSDT,1761156420000,2025-10-22 18:07:00,2025-10-22 23:07:49.866,2.1290000000,2.1290000000,2.1270000000,2.1270000000,1006.3600000000
TONUSDT,1761156420000,2025-10-22 18:07:00,2025-10-22 23:07:51.547,2.1290000000,2.1290000000,2.1270000000,2.1270000000,1006.3600000000
TONUSDT,1761156420000,2025-10-22 18:07:00,2025-10-22 23:07:53.150,2.1290000000,2.1290000000,2.1270000000,2.1270000000,1006.3600000000
TONUSDT,1761156420000,2025-10-22 18:07:00,2025-10-22 23:07:54.744,2.1290000000,2.1290000000,2.1270000000,2.1270000000,1006.3600000000
TONUSDT,1761156420000,2025-10-22 18:07:00,2025-10-22 23:07:56.493,2.1290000000,2.1290000000,2.1270000000,2.1270000000,1006.3600000000
TONUSDT,1761156420000,2025-10-22 18:07:00,2025-10-22 23:07:58.104,2.1290000000,2.1290000000,2.1270000000,2.1270000000,1006.3600000000
TONUSDT,1761156420000,2025-10-22 18:07:00,2025-10-22 23:07:59.724,2.1290000000,2.1290000000,2.1270000000,2.1270000000,1006.3600000000
TONUSDT,1761156480000,2025-10-22 18:08:00,2025-10-22 23:08:01.391,2.1270000000,2.1270000000,2.1270000000,2.1270000000,0.0000000000
TONUSDT,1761156480000,2025-10-22 18:08:00,2025-10-22 23:08:03.022,2.1270000000,2.1270000000,2.1260000000,2.1260000000,48.1000000000
TONUSDT,1761156480000,2025-10-22 18:08:00,2025-10-22 23:08:04.675,2.1270000000,2.1270000000,2.1260000000,2.1260000000,48.1000000000
TONUSDT,1761156480000,2025-10-22 18:08:00,2025-10-22 23:08:06.262,2.1270000000,2.1270000000,2.1260000000,2.1260000000,48.1000000000
TONUSDT,1761156480000,2025-10-22 18:08:00,2025-10-22 23:08:07.868,2.1270000000,2.1270000000,2.1260000000,2.1260000000,48.1000000000
TONUSDT,1761156480000,2025-10-22 18:08:00,2025-10-22 23:08:09.475,2.1270000000,2.1270000000,2.1260000000,2.1260000000,48.1000000000
TONUSDT,1761156480000,2025-10-22 18:08:00,2025-10-22 23:08:11.110,2.1270000000,2.1270000000,2.1260000000,2.1260000000,48.1000000000
TONUSDT,1761156480000,2025-10-22 18:08:00,2025-10-22 23:08:13.101,2.1270000000,2.1270000000,2.1260000000,2.1260000000,59.2000000000
TONUSDT,1761156480000,2025-10-22 18:08:00,2025-10-22 23:08:14.721,2.1270000000,2.1270000000,2.1260000000,2.1260000000,59.2000000000
TONUSDT,1761156480000,2025-10-22 18:08:00,2025-10-22 23:08:16.368,2.1270000000,2.1270000000,2.1260000000,2.1260000000,59.2000000000
TONUSDT,1761156480000,2025-10-22 18:08:00,2025-10-22 23:08:18.021,2.1270000000,2.1270000000,2.1250000000,2.1250000000,333.0900000000
TONUSDT,1761156480000,2025-10-22 18:08:00,2025-10-22 23:08:19.654,2.1270000000,2.1270000000,2.1250000000,2.1250000000,333.0900000000
TONUSDT,1761156480000,2025-10-22 18:08:00,2025-10-22 23:08:21.274,2.1270000000,2.1270000000,2.1250000000,2.1250000000,333.0900000000
TONUSDT,1761156480000,2025-10-22 18:08:00,2025-10-22 23:08:22.914,2.1270000000,2.1270000000,2.1250000000,2.1250000000,333.0900000000
TONUSDT,1761156480000,2025-10-22 18:08:00,2025-10-22 23:08:24.535,2.1270000000,2.1270000000,2.1250000000,2.1250000000,333.0900000000
TONUSDT,1761156480000,2025-10-22 18:08:00,2025-10-22 23:08:26.156,2.1270000000,2.1270000000,2.1250000000,2.1250000000,333.0900000000
TONUSDT,1761156480000,2025-10-22 18:08:00,2025-10-22 23:08:27.760,2.1270000000,2.1270000000,2.1250000000,2.1250000000,333.0900000000
TONUSDT,1761156480000,2025-10-22 18:08:00,2025-10-22 23:08:29.382,2.1270000000,2.1270000000,2.1240000000,2.1250000000,679.3600000000
TONUSDT,1761156480000,2025-10-22 18:08:00,2025-10-22 23:08:31.136,2.1270000000,2.1270000000,2.1240000000,2.1250000000,679.3600000000
TONUSDT,1761156480000,2025-10-22 18:08:00,2025-10-22 23:08:32.725,2.1270000000,2.1270000000,2.1240000000,2.1250000000,679.3600000000
TONUSDT,1761156480000,2025-10-22 18:08:00,2025-10-22 23:08:34.682,2.1270000000,2.1270000000,2.1240000000,2.1250000000,679.3600000000
TONUSDT,1761156480000,2025-10-22 18:08:00,2025-10-22 23:08:36.317,2.1270000000,2.1270000000,2.1240000000,2.1250000000,679.3600000000
TONUSDT,1761156480000,2025-10-22 18:08:00,2025-10-22 23:08:38.137,2.1270000000,2.1270000000,2.1240000000,2.1250000000,679.3600000000
TONUSDT,1761156480000,2025-10-22 18:08:00,2025-10-22 23:08:39.821,2.1270000000,2.1270000000,2.1240000000,2.1260000000,764.2500000000
TONUSDT,1761156480000,2025-10-22 18:08:00,2025-10-22 23:08:41.485,2.1270000000,2.1270000000,2.1240000000,2.1260000000,764.2500000000
TONUSDT,1761156480000,2025-10-22 18:08:00,2025-10-22 23:08:43.233,2.1270000000,2.1270000000,2.1240000000,2.1260000000,843.2200000000
TONUSDT,1761156480000,2025-10-22 18:08:00,2025-10-22 23:08:44.980,2.1270000000,2.1270000000,2.1240000000,2.1250000000,844.6800000000
TONUSDT,1761156480000,2025-10-22 18:08:00,2025-10-22 23:08:46.646,2.1270000000,2.1270000000,2.1240000000,2.1250000000,844.6800000000
TONUSDT,1761156480000,2025-10-22 18:08:00,2025-10-22 23:08:48.304,2.1270000000,2.1270000000,2.1240000000,2.1260000000,890.6400000000
TONUSDT,1761156480000,2025-10-22 18:08:00,2025-10-22 23:08:49.995,2.1270000000,2.1270000000,2.1240000000,2.1260000000,890.6400000000
TONUSDT,1761156480000,2025-10-22 18:08:00,2025-10-22 23:08:51.613,2.1270000000,2.1270000000,2.1240000000,2.1260000000,890.6400000000
TONUSDT,1761156480000,2025-10-22 18:08:00,2025-10-22 23:08:53.220,2.1270000000,2.1270000000,2.1240000000,2.1250000000,910.6300000000
TONUSDT,1761156480000,2025-10-22 18:08:00,2025-10-22 23:08:54.835,2.1270000000,2.1270000000,2.1240000000,2.1250000000,910.6300000000
TONUSDT,1761156480000,2025-10-22 18:08:00,2025-10-22 23:08:56.480,2.1270000000,2.1270000000,2.1240000000,2.1250000000,910.6300000000
TONUSDT,1761156480000,2025-10-22 18:08:00,2025-10-22 23:08:58.136,2.1270000000,2.1270000000,2.1240000000,2.1250000000,957.8300000000
TONUSDT,1761156480000,2025-10-22 18:08:00,2025-10-22 23:08:59.880,2.1270000000,2.1270000000,2.1240000000,2.1250000000,957.8300000000
TONUSDT,1761156540000,2025-10-22 18:09:00,2025-10-22 23:09:01.592,2.1250000000,2.1250000000,2.1250000000,2.1250000000,0.0000000000
TONUSDT,1761156540000,2025-10-22 18:09:00,2025-10-22 23:09:03.232,2.1250000000,2.1250000000,2.1240000000,2.1240000000,36.7700000000
TONUSDT,1761156540000,2025-10-22 18:09:00,2025-10-22 23:09:04.892,2.1250000000,2.1250000000,2.1240000000,2.1240000000,36.7700000000
TONUSDT,1761156540000,2025-10-22 18:09:00,2025-10-22 23:09:06.597,2.1250000000,2.1250000000,2.1240000000,2.1240000000,36.7700000000
TONUSDT,1761156540000,2025-10-22 18:09:00,2025-10-22 23:09:08.191,2.1250000000,2.1250000000,2.1240000000,2.1240000000,41.3300000000
TONUSDT,1761156540000,2025-10-22 18:09:00,2025-10-22 23:09:09.832,2.1250000000,2.1250000000,2.1240000000,2.1240000000,41.3300000000
TONUSDT,1761156540000,2025-10-22 18:09:00,2025-10-22 23:09:11.555,2.1250000000,2.1250000000,2.1240000000,2.1240000000,41.3300000000
TONUSDT,1761156540000,2025-10-22 18:09:00,2025-10-22 23:09:13.715,2.1250000000,2.1250000000,2.1240000000,2.1240000000,236.7800000000
TONUSDT,1761156540000,2025-10-22 18:09:00,2025-10-22 23:09:15.332,2.1250000000,2.1250000000,2.1240000000,2.1240000000,265.0200000000
TONUSDT,1761156540000,2025-10-22 18:09:00,2025-10-22 23:09:17.258,2.1250000000,2.1250000000,2.1240000000,2.1240000000,265.0200000000
TONUSDT,1761156540000,2025-10-22 18:09:00,2025-10-22 23:09:19.036,2.1250000000,2.1250000000,2.1240000000,2.1240000000,532.8400000000
TONUSDT,1761156540000,2025-10-22 18:09:00,2025-10-22 23:09:21.076,2.1250000000,2.1250000000,2.1240000000,2.1240000000,532.8400000000
TONUSDT,1761156540000,2025-10-22 18:09:00,2025-10-22 23:09:22.741,2.1250000000,2.1250000000,2.1240000000,2.1240000000,532.8400000000
TONUSDT,1761156540000,2025-10-22 18:09:00,2025-10-22 23:09:24.428,2.1250000000,2.1250000000,2.1240000000,2.1240000000,532.8400000000
TONUSDT,1761156540000,2025-10-22 18:09:00,2025-10-22 23:09:26.166,2.1250000000,2.1250000000,2.1240000000,2.1240000000,532.8400000000
TONUSDT,1761156540000,2025-10-22 18:09:00,2025-10-22 23:09:27.838,2.1250000000,2.1250000000,2.1240000000,2.1240000000,532.8400000000
TONUSDT,1761156540000,2025-10-22 18:09:00,2025-10-22 23:09:29.605,2.1250000000,2.1250000000,2.1240000000,2.1240000000,532.8400000000
TONUSDT,1761156540000,2025-10-22 18:09:00,2025-10-22 23:09:31.377,2.1250000000,2.1250000000,2.1240000000,2.1250000000,542.9800000000
TONUSDT,1761156540000,2025-10-22 18:09:00,2025-10-22 23:09:33.070,2.1250000000,2.1250000000,2.1240000000,2.1250000000,542.9800000000
TONUSDT,1761156540000,2025-10-22 18:09:00,2025-10-22 23:09:34.696,2.1250000000,2.1250000000,2.1240000000,2.1250000000,542.9800000000
TONUSDT,1761156540000,2025-10-22 18:09:00,2025-10-22 23:09:36.324,2.1250000000,2.1250000000,2.1240000000,2.1250000000,542.9800000000
TONUSDT,1761156540000,2025-10-22 18:09:00,2025-10-22 23:09:37.919,2.1250000000,2.1250000000,2.1240000000,2.1240000000,544.4800000000
TONUSDT,1761156540000,2025-10-22 18:09:00,2025-10-22 23:09:39.538,2.1250000000,2.1250000000,2.1240000000,2.1240000000,544.4800000000
TONUSDT,1761156540000,2025-10-22 18:09:00,2025-10-22 23:09:41.138,2.1250000000,2.1250000000,2.1240000000,2.1240000000,544.4800000000
TONUSDT,1761156540000,2025-10-22 18:09:00,2025-10-22 23:09:42.727,2.1250000000,2.1250000000,2.1240000000,2.1240000000,544.4800000000
TONUSDT,1761156540000,2025-10-22 18:09:00,2025-10-22 23:09:44.327,2.1250000000,2.1250000000,2.1240000000,2.1240000000,544.4800000000
TONUSDT,1761156540000,2025-10-22 18:09:00,2025-10-22 23:09:45.942,2.1250000000,2.1250000000,2.1240000000,2.1240000000,544.4800000000
TONUSDT,1761156540000,2025-10-22 18:09:00,2025-10-22 23:09:47.604,2.1250000000,2.1250000000,2.1240000000,2.1240000000,544.4800000000
TONUSDT,1761156540000,2025-10-22 18:09:00,2025-10-22 23:09:49.216,2.1250000000,2.1250000000,2.1240000000,2.1240000000,544.4800000000
TONUSDT,1761156540000,2025-10-22 18:09:00,2025-10-22 23:09:50.833,2.1250000000,2.1250000000,2.1240000000,2.1240000000,544.4800000000
TONUSDT,1761156540000,2025-10-22 18:09:00,2025-10-22 23:09:52.464,2.1250000000,2.1250000000,2.1240000000,2.1240000000,544.4800000000
TONUSDT,1761156540000,2025-10-22 18:09:00,2025-10-22 23:09:54.200,2.1250000000,2.1250000000,2.1240000000,2.1240000000,552.9800000000
TONUSDT,1761156540000,2025-10-22 18:09:00,2025-10-22 23:09:55.800,2.1250000000,2.1250000000,2.1240000000,2.1240000000,552.9800000000
TONUSDT,1761156540000,2025-10-22 18:09:00,2025-10-22 23:09:57.450,2.1250000000,2.1250000000,2.1240000000,2.1240000000,552.9800000000
TONUSDT,1761156540000,2025-10-22 18:09:00,2025-10-22 23:09:59.064,2.1250000000,2.1250000000,2.1240000000,2.1240000000,552.9800000000
TONUSDT,1761156540000,2025-10-22 18:09:00,2025-10-22 23:10:00.776,2.1250000000,2.1250000000,2.1240000000,2.1240000000,552.9800000000
TONUSDT,1761156600000,2025-10-22 18:10:00,2025-10-22 23:10:02.453,2.1240000000,2.1240000000,2.1240000000,2.1240000000,0.0000000000
TONUSDT,1761156600000,2025-10-22 18:10:00,2025-10-22 23:10:04.236,2.1240000000,2.1250000000,2.1240000000,2.1250000000,39.4800000000
TONUSDT,1761156600000,2025-10-22 18:10:00,2025-10-22 23:10:05.877,2.1240000000,2.1250000000,2.1240000000,2.1250000000,39.4800000000
TONUSDT,1761156600000,2025-10-22 18:10:00,2025-10-22 23:10:07.632,2.1240000000,2.1250000000,2.1240000000,2.1250000000,39.4800000000
TONUSDT,1761156600000,2025-10-22 18:10:00,2025-10-22 23:10:09.390,2.1240000000,2.1250000000,2.1240000000,2.1250000000,39.4800000000
TONUSDT,1761156600000,2025-10-22 18:10:00,2025-10-22 23:10:11.125,2.1240000000,2.1250000000,2.1240000000,2.1250000000,39.4800000000
TONUSDT,1761156600000,2025-10-22 18:10:00,2025-10-22 23:10:12.872,2.1240000000,2.1260000000,2.1240000000,2.1260000000,121.2400000000
TONUSDT,1761156600000,2025-10-22 18:10:00,2025-10-22 23:10:14.570,2.1240000000,2.1260000000,2.1240000000,2.1260000000,121.2400000000
TONUSDT,1761156600000,2025-10-22 18:10:00,2025-10-22 23:10:16.644,2.1240000000,2.1260000000,2.1240000000,2.1260000000,121.2400000000
TONUSDT,1761156600000,2025-10-22 18:10:00,2025-10-22 23:10:18.720,2.1240000000,2.1260000000,2.1240000000,2.1260000000,121.2400000000
TONUSDT,1761156600000,2025-10-22 18:10:00,2025-10-22 23:10:20.471,2.1240000000,2.1260000000,2.1240000000,2.1260000000,121.2400000000
TONUSDT,1761156600000,2025-10-22 18:10:00,2025-10-22 23:10:22.169,2.1240000000,2.1260000000,2.1240000000,2.1260000000,121.2400000000
TONUSDT,1761156600000,2025-10-22 18:10:00,2025-10-22 23:10:23.981,2.1240000000,2.1260000000,2.1240000000,2.1260000000,121.2400000000
TONUSDT,1761156600000,2025-10-22 18:10:00,2025-10-22 23:10:25.619,2.1240000000,2.1260000000,2.1240000000,2.1260000000,121.2400000000
TONUSDT,1761156600000,2025-10-22 18:10:00,2025-10-22 23:10:27.229,2.1240000000,2.1260000000,2.1240000000,2.1260000000,221.1400000000
TONUSDT,1761156600000,2025-10-22 18:10:00,2025-10-22 23:10:28.863,2.1240000000,2.1260000000,2.1240000000,2.1260000000,221.1400000000
TONUSDT,1761156600000,2025-10-22 18:10:00,2025-10-22 23:10:30.501,2.1240000000,2.1260000000,2.1240000000,2.1260000000,328.7200000000
TONUSDT,1761156600000,2025-10-22 18:10:00,2025-10-22 23:10:32.255,2.1240000000,2.1260000000,2.1240000000,2.1250000000,351.1200000000
TONUSDT,1761156600000,2025-10-22 18:10:00,2025-10-22 23:10:33.878,2.1240000000,2.1260000000,2.1240000000,2.1250000000,351.1200000000
TONUSDT,1761156600000,2025-10-22 18:10:00,2025-10-22 23:10:35.496,2.1240000000,2.1260000000,2.1240000000,2.1250000000,351.1200000000
TONUSDT,1761156600000,2025-10-22 18:10:00,2025-10-22 23:10:37.165,2.1240000000,2.1260000000,2.1240000000,2.1250000000,351.1200000000
TONUSDT,1761156600000,2025-10-22 18:10:00,2025-10-22 23:10:38.808,2.1240000000,2.1260000000,2.1240000000,2.1250000000,351.1200000000
TONUSDT,1761156600000,2025-10-22 18:10:00,2025-10-22 23:10:40.555,2.1240000000,2.1260000000,2.1240000000,2.1250000000,351.1200000000
TONUSDT,1761156600000,2025-10-22 18:10:00,2025-10-22 23:10:42.211,2.1240000000,2.1260000000,2.1240000000,2.1250000000,351.1200000000
TONUSDT,1761156600000,2025-10-22 18:10:00,2025-10-22 23:10:43.866,2.1240000000,2.1260000000,2.1240000000,2.1250000000,351.1200000000
TONUSDT,1761156600000,2025-10-22 18:10:00,2025-10-22 23:10:45.636,2.1240000000,2.1260000000,2.1240000000,2.1250000000,351.1200000000
TONUSDT,1761156600000,2025-10-22 18:10:00,2025-10-22 23:10:47.321,2.1240000000,2.1260000000,2.1240000000,2.1250000000,351.1200000000
TONUSDT,1761156600000,2025-10-22 18:10:00,2025-10-22 23:10:48.995,2.1240000000,2.1260000000,2.1240000000,2.1250000000,351.1200000000
TONUSDT,1761156600000,2025-10-22 18:10:00,2025-10-22 23:10:50.651,2.1240000000,2.1260000000,2.1240000000,2.1260000000,372.4600000000
TONUSDT,1761156600000,2025-10-22 18:10:00,2025-10-22 23:10:52.324,2.1240000000,2.1260000000,2.1240000000,2.1260000000,372.4600000000
TONUSDT,1761156600000,2025-10-22 18:10:00,2025-10-22 23:10:54.033,2.1240000000,2.1260000000,2.1240000000,2.1260000000,372.4600000000
TONUSDT,1761156600000,2025-10-22 18:10:00,2025-10-22 23:10:55.753,2.1240000000,2.1260000000,2.1240000000,2.1260000000,372.4600000000
TONUSDT,1761156600000,2025-10-22 18:10:00,2025-10-22 23:10:57.563,2.1240000000,2.1260000000,2.1240000000,2.1260000000,372.4600000000
TONUSDT,1761156600000,2025-10-22 18:10:00,2025-10-22 23:10:59.295,2.1240000000,2.1260000000,2.1240000000,2.1260000000,372.4600000000
TONUSDT,1761156660000,2025-10-22 18:11:00,2025-10-22 23:11:00.962,2.1260000000,2.1260000000,2.1260000000,2.1260000000,0.0000000000
TONUSDT,1761156660000,2025-10-22 18:11:00,2025-10-22 23:11:02.660,2.1260000000,2.1260000000,2.1260000000,2.1260000000,293.4100000000
TONUSDT,1761156660000,2025-10-22 18:11:00,2025-10-22 23:11:04.403,2.1260000000,2.1260000000,2.1260000000,2.1260000000,305.3000000000
TONUSDT,1761156660000,2025-10-22 18:11:00,2025-10-22 23:11:06.074,2.1260000000,2.1260000000,2.1260000000,2.1260000000,305.3000000000
TONUSDT,1761156660000,2025-10-22 18:11:00,2025-10-22 23:11:07.755,2.1260000000,2.1260000000,2.1260000000,2.1260000000,482.4500000000
TONUSDT,1761156660000,2025-10-22 18:11:00,2025-10-22 23:11:09.580,2.1260000000,2.1260000000,2.1260000000,2.1260000000,482.4500000000
TONUSDT,1761156660000,2025-10-22 18:11:00,2025-10-22 23:11:11.316,2.1260000000,2.1260000000,2.1260000000,2.1260000000,482.4500000000
TONUSDT,1761156660000,2025-10-22 18:11:00,2025-10-22 23:11:13.078,2.1260000000,2.1260000000,2.1260000000,2.1260000000,482.4500000000
TONUSDT,1761156660000,2025-10-22 18:11:00,2025-10-22 23:11:14.756,2.1260000000,2.1260000000,2.1260000000,2.1260000000,482.4500000000
TONUSDT,1761156660000,2025-10-22 18:11:00,2025-10-22 23:11:16.417,2.1260000000,2.1260000000,2.1260000000,2.1260000000,482.4500000000
TONUSDT,1761156660000,2025-10-22 18:11:00,2025-10-22 23:11:18.414,2.1260000000,2.1260000000,2.1260000000,2.1260000000,482.4500000000
TONUSDT,1761156660000,2025-10-22 18:11:00,2025-10-22 23:11:20.049,2.1260000000,2.1260000000,2.1260000000,2.1260000000,482.4500000000
TONUSDT,1761156660000,2025-10-22 18:11:00,2025-10-22 23:11:21.688,2.1260000000,2.1260000000,2.1260000000,2.1260000000,482.4500000000
TONUSDT,1761156660000,2025-10-22 18:11:00,2025-10-22 23:11:23.311,2.1260000000,2.1260000000,2.1260000000,2.1260000000,633.9800000000
TONUSDT,1761156660000,2025-10-22 18:11:00,2025-10-22 23:11:24.975,2.1260000000,2.1260000000,2.1260000000,2.1260000000,633.9800000000
TONUSDT,1761156660000,2025-10-22 18:11:00,2025-10-22 23:11:26.621,2.1260000000,2.1260000000,2.1260000000,2.1260000000,633.9800000000
TONUSDT,1761156660000,2025-10-22 18:11:00,2025-10-22 23:11:28.306,2.1260000000,2.1260000000,2.1260000000,2.1260000000,633.9800000000
TONUSDT,1761156660000,2025-10-22 18:11:00,2025-10-22 23:11:29.987,2.1260000000,2.1260000000,2.1260000000,2.1260000000,633.9800000000
TONUSDT,1761156660000,2025-10-22 18:11:00,2025-10-22 23:11:31.653,2.1260000000,2.1260000000,2.1260000000,2.1260000000,1059.4700000000
TONUSDT,1761156660000,2025-10-22 18:11:00,2025-10-22 23:11:33.780,2.1260000000,2.1260000000,2.1260000000,2.1260000000,1059.4700000000
TONUSDT,1761156660000,2025-10-22 18:11:00,2025-10-22 23:11:35.389,2.1260000000,2.1260000000,2.1260000000,2.1260000000,1059.4700000000
TONUSDT,1761156660000,2025-10-22 18:11:00,2025-10-22 23:11:37.079,2.1260000000,2.1260000000,2.1260000000,2.1260000000,1059.4700000000
TONUSDT,1761156660000,2025-10-22 18:11:00,2025-10-22 23:11:38.808,2.1260000000,2.1260000000,2.1260000000,2.1260000000,1059.4700000000
TONUSDT,1761156660000,2025-10-22 18:11:00,2025-10-22 23:11:40.449,2.1260000000,2.1260000000,2.1260000000,2.1260000000,1059.4700000000
TONUSDT,1761156660000,2025-10-22 18:11:00,2025-10-22 23:11:42.086,2.1260000000,2.1260000000,2.1260000000,2.1260000000,1059.4700000000
TONUSDT,1761156660000,2025-10-22 18:11:00,2025-10-22 23:11:43.722,2.1260000000,2.1260000000,2.1260000000,2.1260000000,1059.4700000000
TONUSDT,1761156660000,2025-10-22 18:11:00,2025-10-22 23:11:45.440,2.1260000000,2.1260000000,2.1260000000,2.1260000000,1059.4700000000
TONUSDT,1761156660000,2025-10-22 18:11:00,2025-10-22 23:11:47.317,2.1260000000,2.1260000000,2.1260000000,2.1260000000,1059.4700000000
TONUSDT,1761156660000,2025-10-22 18:11:00,2025-10-22 23:11:49.023,2.1260000000,2.1260000000,2.1260000000,2.1260000000,1059.4700000000
TONUSDT,1761156660000,2025-10-22 18:11:00,2025-10-22 23:11:50.793,2.1260000000,2.1260000000,2.1260000000,2.1260000000,1074.4500000000
TONUSDT,1761156660000,2025-10-22 18:11:00,2025-10-22 23:11:52.485,2.1260000000,2.1260000000,2.1260000000,2.1260000000,1074.4500000000
TONUSDT,1761156660000,2025-10-22 18:11:00,2025-10-22 23:11:54.161,2.1260000000,2.1260000000,2.1260000000,2.1260000000,1074.4500000000
TONUSDT,1761156660000,2025-10-22 18:11:00,2025-10-22 23:11:55.838,2.1260000000,2.1270000000,2.1260000000,2.1270000000,1153.1000000000
TONUSDT,1761156660000,2025-10-22 18:11:00,2025-10-22 23:11:57.510,2.1260000000,2.1280000000,2.1260000000,2.1280000000,1164.7500000000
TONUSDT,1761156660000,2025-10-22 18:11:00,2025-10-22 23:11:59.221,2.1260000000,2.1280000000,2.1260000000,2.1280000000,1265.8700000000
TONUSDT,1761156720000,2025-10-22 18:12:00,2025-10-22 23:12:00.934,2.1280000000,2.1280000000,2.1280000000,2.1280000000,0.0000000000
TONUSDT,1761156720000,2025-10-22 18:12:00,2025-10-22 23:12:02.696,2.1280000000,2.1280000000,2.1280000000,2.1280000000,0.0000000000
TONUSDT,1761156720000,2025-10-22 18:12:00,2025-10-22 23:12:04.364,2.1280000000,2.1280000000,2.1270000000,2.1270000000,261.5000000000
TONUSDT,1761156720000,2025-10-22 18:12:00,2025-10-22 23:12:05.997,2.1280000000,2.1280000000,2.1270000000,2.1270000000,261.5000000000
TONUSDT,1761156720000,2025-10-22 18:12:00,2025-10-22 23:12:07.639,2.1280000000,2.1280000000,2.1270000000,2.1270000000,272.2700000000
TONUSDT,1761156720000,2025-10-22 18:12:00,2025-10-22 23:12:09.236,2.1280000000,2.1280000000,2.1270000000,2.1270000000,272.2700000000
TONUSDT,1761156720000,2025-10-22 18:12:00,2025-10-22 23:12:10.892,2.1280000000,2.1290000000,2.1270000000,2.1290000000,281.5000000000
TONUSDT,1761156720000,2025-10-22 18:12:00,2025-10-22 23:12:12.487,2.1280000000,2.1290000000,2.1270000000,2.1290000000,281.5000000000
TONUSDT,1761156720000,2025-10-22 18:12:00,2025-10-22 23:12:14.104,2.1280000000,2.1290000000,2.1270000000,2.1290000000,281.5000000000
TONUSDT,1761156720000,2025-10-22 18:12:00,2025-10-22 23:12:15.740,2.1280000000,2.1290000000,2.1270000000,2.1290000000,281.5000000000
TONUSDT,1761156720000,2025-10-22 18:12:00,2025-10-22 23:12:17.376,2.1280000000,2.1290000000,2.1270000000,2.1280000000,318.3000000000
TONUSDT,1761156720000,2025-10-22 18:12:00,2025-10-22 23:12:18.990,2.1280000000,2.1290000000,2.1270000000,2.1280000000,318.3000000000
TONUSDT,1761156720000,2025-10-22 18:12:00,2025-10-22 23:12:20.618,2.1280000000,2.1290000000,2.1270000000,2.1280000000,318.3000000000
TONUSDT,1761156720000,2025-10-22 18:12:00,2025-10-22 23:12:22.371,2.1280000000,2.1290000000,2.1270000000,2.1280000000,318.3000000000
TONUSDT,1761156720000,2025-10-22 18:12:00,2025-10-22 23:12:24.016,2.1280000000,2.1290000000,2.1270000000,2.1290000000,319.0000000000
TONUSDT,1761156720000,2025-10-22 18:12:00,2025-10-22 23:12:25.654,2.1280000000,2.1290000000,2.1270000000,2.1290000000,319.0000000000
TONUSDT,1761156720000,2025-10-22 18:12:00,2025-10-22 23:12:27.281,2.1280000000,2.1290000000,2.1270000000,2.1290000000,319.0000000000
TONUSDT,1761156720000,2025-10-22 18:12:00,2025-10-22 23:12:28.951,2.1280000000,2.1290000000,2.1270000000,2.1290000000,319.0000000000
TONUSDT,1761156720000,2025-10-22 18:12:00,2025-10-22 23:12:30.590,2.1280000000,2.1290000000,2.1270000000,2.1290000000,319.0000000000
TONUSDT,1761156720000,2025-10-22 18:12:00,2025-10-22 23:12:32.266,2.1280000000,2.1290000000,2.1270000000,2.1290000000,319.0000000000
TONUSDT,1761156720000,2025-10-22 18:12:00,2025-10-22 23:12:33.959,2.1280000000,2.1290000000,2.1270000000,2.1290000000,319.0000000000
TONUSDT,1761156720000,2025-10-22 18:12:00,2025-10-22 23:12:35.613,2.1280000000,2.1290000000,2.1270000000,2.1290000000,319.0000000000
TONUSDT,1761156720000,2025-10-22 18:12:00,2025-10-22 23:12:37.281,2.1280000000,2.1290000000,2.1270000000,2.1290000000,319.0000000000
TONUSDT,1761156720000,2025-10-22 18:12:00,2025-10-22 23:12:38.903,2.1280000000,2.1290000000,2.1270000000,2.1290000000,319.0000000000
TONUSDT,1761156720000,2025-10-22 18:12:00,2025-10-22 23:12:40.529,2.1280000000,2.1290000000,2.1270000000,2.1290000000,319.0000000000
TONUSDT,1761156720000,2025-10-22 18:12:00,2025-10-22 23:12:42.115,2.1280000000,2.1290000000,2.1270000000,2.1280000000,716.2400000000
TONUSDT,1761156720000,2025-10-22 18:12:00,2025-10-22 23:12:43.792,2.1280000000,2.1290000000,2.1270000000,2.1280000000,716.2400000000
TONUSDT,1761156720000,2025-10-22 18:12:00,2025-10-22 23:12:45.482,2.1280000000,2.1290000000,2.1270000000,2.1280000000,716.2400000000
TONUSDT,1761156720000,2025-10-22 18:12:00,2025-10-22 23:12:47.207,2.1280000000,2.1290000000,2.1270000000,2.1280000000,716.2400000000
TONUSDT,1761156720000,2025-10-22 18:12:00,2025-10-22 23:12:48.868,2.1280000000,2.1290000000,2.1270000000,2.1280000000,716.2400000000
TONUSDT,1761156720000,2025-10-22 18:12:00,2025-10-22 23:12:50.463,2.1280000000,2.1290000000,2.1270000000,2.1280000000,716.2400000000
TONUSDT,1761156720000,2025-10-22 18:12:00,2025-10-22 23:12:52.077,2.1280000000,2.1290000000,2.1270000000,2.1280000000,716.2400000000
TONUSDT,1761156720000,2025-10-22 18:12:00,2025-10-22 23:12:53.699,2.1280000000,2.1290000000,2.1270000000,2.1280000000,716.2400000000
TONUSDT,1761156720000,2025-10-22 18:12:00,2025-10-22 23:12:55.345,2.1280000000,2.1290000000,2.1270000000,2.1270000000,801.0300000000
TONUSDT,1761156720000,2025-10-22 18:12:00,2025-10-22 23:12:56.988,2.1280000000,2.1290000000,2.1270000000,2.1270000000,801.0300000000
TONUSDT,1761156720000,2025-10-22 18:12:00,2025-10-22 23:12:58.681,2.1280000000,2.1290000000,2.1260000000,2.1260000000,1035.3300000000
TONUSDT,1761156720000,2025-10-22 18:12:00,2025-10-22 23:13:00.284,2.1280000000,2.1290000000,2.1260000000,2.1260000000,1035.3300000000
TONUSDT,1761156780000,2025-10-22 18:13:00,2025-10-22 23:13:01.929,2.1260000000,2.1260000000,2.1260000000,2.1260000000,0.0000000000
TONUSDT,1761156780000,2025-10-22 18:13:00,2025-10-22 23:13:03.572,2.1260000000,2.1260000000,2.1260000000,2.1260000000,0.0000000000
TONUSDT,1761156780000,2025-10-22 18:13:00,2025-10-22 23:13:05.193,2.1260000000,2.1260000000,2.1260000000,2.1260000000,0.0000000000
TONUSDT,1761156780000,2025-10-22 18:13:00,2025-10-22 23:13:06.800,2.1260000000,2.1280000000,2.1260000000,2.1280000000,6.6800000000
TONUSDT,1761156780000,2025-10-22 18:13:00,2025-10-22 23:13:08.484,2.1260000000,2.1280000000,2.1260000000,2.1280000000,11.4200000000
TONUSDT,1761156780000,2025-10-22 18:13:00,2025-10-22 23:13:10.154,2.1260000000,2.1280000000,2.1260000000,2.1280000000,18.6700000000
TONUSDT,1761156780000,2025-10-22 18:13:00,2025-10-22 23:13:11.898,2.1260000000,2.1280000000,2.1260000000,2.1280000000,18.6700000000
TONUSDT,1761156780000,2025-10-22 18:13:00,2025-10-22 23:13:13.530,2.1260000000,2.1280000000,2.1260000000,2.1280000000,18.6700000000
TONUSDT,1761156780000,2025-10-22 18:13:00,2025-10-22 23:13:15.135,2.1260000000,2.1280000000,2.1260000000,2.1280000000,18.6700000000
TONUSDT,1761156780000,2025-10-22 18:13:00,2025-10-22 23:13:16.837,2.1260000000,2.1280000000,2.1260000000,2.1270000000,1290.6600000000
TONUSDT,1761156780000,2025-10-22 18:13:00,2025-10-22 23:13:19.031,2.1260000000,2.1280000000,2.1260000000,2.1270000000,1290.6600000000
TONUSDT,1761156780000,2025-10-22 18:13:00,2025-10-22 23:13:20.767,2.1260000000,2.1280000000,2.1260000000,2.1270000000,1290.6600000000
TONUSDT,1761156780000,2025-10-22 18:13:00,2025-10-22 23:13:22.474,2.1260000000,2.1280000000,2.1260000000,2.1270000000,1290.6600000000
TONUSDT,1761156780000,2025-10-22 18:13:00,2025-10-22 23:13:24.161,2.1260000000,2.1280000000,2.1260000000,2.1270000000,1336.2400000000
TONUSDT,1761156780000,2025-10-22 18:13:00,2025-10-22 23:13:25.843,2.1260000000,2.1280000000,2.1260000000,2.1260000000,2508.4400000000
TONUSDT,1761156780000,2025-10-22 18:13:00,2025-10-22 23:13:27.514,2.1260000000,2.1280000000,2.1260000000,2.1260000000,2508.4400000000
TONUSDT,1761156780000,2025-10-22 18:13:00,2025-10-22 23:13:29.198,2.1260000000,2.1280000000,2.1260000000,2.1260000000,2508.4400000000
TONUSDT,1761156780000,2025-10-22 18:13:00,2025-10-22 23:13:30.903,2.1260000000,2.1280000000,2.1260000000,2.1260000000,2508.4400000000
TONUSDT,1761156780000,2025-10-22 18:13:00,2025-10-22 23:13:32.578,2.1260000000,2.1280000000,2.1260000000,2.1260000000,2586.4400000000
TONUSDT,1761156780000,2025-10-22 18:13:00,2025-10-22 23:13:34.264,2.1260000000,2.1280000000,2.1260000000,2.1260000000,2586.4400000000
TONUSDT,1761156780000,2025-10-22 18:13:00,2025-10-22 23:13:35.995,2.1260000000,2.1280000000,2.1260000000,2.1260000000,2586.4400000000
TONUSDT,1761156780000,2025-10-22 18:13:00,2025-10-22 23:13:37.663,2.1260000000,2.1280000000,2.1260000000,2.1260000000,2586.4400000000
TONUSDT,1761156780000,2025-10-22 18:13:00,2025-10-22 23:13:39.255,2.1260000000,2.1280000000,2.1260000000,2.1260000000,2586.4400000000
TONUSDT,1761156780000,2025-10-22 18:13:00,2025-10-22 23:13:40.885,2.1260000000,2.1280000000,2.1260000000,2.1260000000,2586.4400000000
TONUSDT,1761156780000,2025-10-22 18:13:00,2025-10-22 23:13:42.518,2.1260000000,2.1280000000,2.1260000000,2.1270000000,2952.6700000000
TONUSDT,1761156780000,2025-10-22 18:13:00,2025-10-22 23:13:44.180,2.1260000000,2.1280000000,2.1260000000,2.1270000000,2952.6700000000
TONUSDT,1761156780000,2025-10-22 18:13:00,2025-10-22 23:13:45.832,2.1260000000,2.1280000000,2.1260000000,2.1270000000,2980.8100000000
TONUSDT,1761156780000,2025-10-22 18:13:00,2025-10-22 23:13:47.556,2.1260000000,2.1280000000,2.1260000000,2.1270000000,2980.8100000000
TONUSDT,1761156780000,2025-10-22 18:13:00,2025-10-22 23:13:49.220,2.1260000000,2.1280000000,2.1260000000,2.1270000000,2987.1500000000
TONUSDT,1761156780000,2025-10-22 18:13:00,2025-10-22 23:13:50.842,2.1260000000,2.1280000000,2.1260000000,2.1270000000,2987.1500000000
TONUSDT,1761156780000,2025-10-22 18:13:00,2025-10-22 23:13:52.461,2.1260000000,2.1280000000,2.1260000000,2.1270000000,2994.2000000000
TONUSDT,1761156780000,2025-10-22 18:13:00,2025-10-22 23:13:54.094,2.1260000000,2.1280000000,2.1260000000,2.1270000000,2998.9000000000
TONUSDT,1761156780000,2025-10-22 18:13:00,2025-10-22 23:13:55.762,2.1260000000,2.1280000000,2.1260000000,2.1270000000,2998.9000000000
TONUSDT,1761156780000,2025-10-22 18:13:00,2025-10-22 23:13:57.404,2.1260000000,2.1280000000,2.1260000000,2.1270000000,2998.9000000000
TONUSDT,1761156780000,2025-10-22 18:13:00,2025-10-22 23:13:59.004,2.1260000000,2.1280000000,2.1260000000,2.1270000000,2998.9000000000
TONUSDT,1761156780000,2025-10-22 18:13:00,2025-10-22 23:14:00.653,2.1260000000,2.1280000000,2.1260000000,2.1270000000,3022.4000000000
TONUSDT,1761156840000,2025-10-22 18:14:00,2025-10-22 23:14:02.274,2.1270000000,2.1270000000,2.1270000000,2.1270000000,0.0000000000
TONUSDT,1761156840000,2025-10-22 18:14:00,2025-10-22 23:14:03.917,2.1270000000,2.1270000000,2.1270000000,2.1270000000,0.0000000000
TONUSDT,1761156840000,2025-10-22 18:14:00,2025-10-22 23:14:05.773,2.1270000000,2.1270000000,2.1270000000,2.1270000000,0.0000000000
TONUSDT,1761156840000,2025-10-22 18:14:00,2025-10-22 23:14:07.927,2.1270000000,2.1270000000,2.1270000000,2.1270000000,0.0000000000
TONUSDT,1761156840000,2025-10-22 18:14:00,2025-10-22 23:14:09.616,2.1270000000,2.1270000000,2.1270000000,2.1270000000,0.0000000000
TONUSDT,1761156840000,2025-10-22 18:14:00,2025-10-22 23:14:11.379,2.1270000000,2.1280000000,2.1270000000,2.1270000000,887.4400000000
TONUSDT,1761156840000,2025-10-22 18:14:00,2025-10-22 23:14:13.121,2.1270000000,2.1280000000,2.1270000000,2.1270000000,887.4400000000
TONUSDT,1761156840000,2025-10-22 18:14:00,2025-10-22 23:14:14.860,2.1270000000,2.1280000000,2.1270000000,2.1270000000,887.4400000000
TONUSDT,1761156840000,2025-10-22 18:14:00,2025-10-22 23:14:16.611,2.1270000000,2.1280000000,2.1270000000,2.1270000000,1234.7600000000
TONUSDT,1761156840000,2025-10-22 18:14:00,2025-10-22 23:14:18.646,2.1270000000,2.1280000000,2.1270000000,2.1270000000,1234.7600000000
TONUSDT,1761156840000,2025-10-22 18:14:00,2025-10-22 23:14:20.318,2.1270000000,2.1280000000,2.1270000000,2.1270000000,1235.2300000000
TONUSDT,1761156840000,2025-10-22 18:14:00,2025-10-22 23:14:22.056,2.1270000000,2.1280000000,2.1270000000,2.1270000000,1235.2300000000
TONUSDT,1761156840000,2025-10-22 18:14:00,2025-10-22 23:14:23.758,2.1270000000,2.1280000000,2.1270000000,2.1270000000,1235.2300000000
TONUSDT,1761156840000,2025-10-22 18:14:00,2025-10-22 23:14:25.459,2.1270000000,2.1280000000,2.1270000000,2.1270000000,1235.2300000000
TONUSDT,1761156840000,2025-10-22 18:14:00,2025-10-22 23:14:27.135,2.1270000000,2.1280000000,2.1270000000,2.1270000000,1235.2300000000
TONUSDT,1761156840000,2025-10-22 18:14:00,2025-10-22 23:14:28.808,2.1270000000,2.1280000000,2.1270000000,2.1270000000,1235.2300000000
TONUSDT,1761156840000,2025-10-22 18:14:00,2025-10-22 23:14:30.439,2.1270000000,2.1280000000,2.1270000000,2.1270000000,1242.8200000000
TONUSDT,1761156840000,2025-10-22 18:14:00,2025-10-22 23:14:32.109,2.1270000000,2.1280000000,2.1270000000,2.1270000000,1266.6700000000
TONUSDT,1761156840000,2025-10-22 18:14:00,2025-10-22 23:14:33.753,2.1270000000,2.1280000000,2.1260000000,2.1260000000,1351.6500000000
TONUSDT,1761156840000,2025-10-22 18:14:00,2025-10-22 23:14:35.422,2.1270000000,2.1280000000,2.1260000000,2.1260000000,1351.6500000000
TONUSDT,1761156840000,2025-10-22 18:14:00,2025-10-22 23:14:37.238,2.1270000000,2.1280000000,2.1230000000,2.1230000000,2551.7900000000
TONUSDT,1761156840000,2025-10-22 18:14:00,2025-10-22 23:14:38.942,2.1270000000,2.1280000000,2.1210000000,2.1210000000,3715.9300000000
TONUSDT,1761156840000,2025-10-22 18:14:00,2025-10-22 23:14:40.590,2.1270000000,2.1280000000,2.1210000000,2.1210000000,3715.9300000000
TONUSDT,1761156840000,2025-10-22 18:14:00,2025-10-22 23:14:42.228,2.1270000000,2.1280000000,2.1210000000,2.1240000000,4019.3400000000
TONUSDT,1761156840000,2025-10-22 18:14:00,2025-10-22 23:14:43.861,2.1270000000,2.1280000000,2.1210000000,2.1240000000,4019.3400000000
TONUSDT,1761156840000,2025-10-22 18:14:00,2025-10-22 23:14:45.483,2.1270000000,2.1280000000,2.1210000000,2.1240000000,4026.2000000000
TONUSDT,1761156840000,2025-10-22 18:14:00,2025-10-22 23:14:47.147,2.1270000000,2.1280000000,2.1210000000,2.1240000000,4026.2000000000
TONUSDT,1761156840000,2025-10-22 18:14:00,2025-10-22 23:14:48.928,2.1270000000,2.1280000000,2.1210000000,2.1230000000,4260.5600000000
TONUSDT,1761156840000,2025-10-22 18:14:00,2025-10-22 23:14:50.580,2.1270000000,2.1280000000,2.1210000000,2.1230000000,4260.5600000000
TONUSDT,1761156840000,2025-10-22 18:14:00,2025-10-22 23:14:52.225,2.1270000000,2.1280000000,2.1210000000,2.1230000000,4260.5600000000
TONUSDT,1761156840000,2025-10-22 18:14:00,2025-10-22 23:14:53.882,2.1270000000,2.1280000000,2.1210000000,2.1230000000,4260.5600000000
TONUSDT,1761156840000,2025-10-22 18:14:00,2025-10-22 23:14:55.541,2.1270000000,2.1280000000,2.1210000000,2.1230000000,4260.5600000000
TONUSDT,1761156840000,2025-10-22 18:14:00,2025-10-22 23:14:57.362,2.1270000000,2.1280000000,2.1210000000,2.1230000000,4260.5600000000
TONUSDT,1761156840000,2025-10-22 18:14:00,2025-10-22 23:14:59.115,2.1270000000,2.1280000000,2.1210000000,2.1220000000,4274.5500000000
TONUSDT,1761156900000,2025-10-22 18:15:00,2025-10-22 23:15:00.814,2.1220000000,2.1220000000,2.1220000000,2.1220000000,0.0000000000
TONUSDT,1761156900000,2025-10-22 18:15:00,2025-10-22 23:15:02.481,2.1220000000,2.1220000000,2.1220000000,2.1220000000,0.0000000000
TONUSDT,1761156900000,2025-10-22 18:15:00,2025-10-22 23:15:04.157,2.1220000000,2.1220000000,2.1220000000,2.1220000000,0.0000000000
TONUSDT,1761156900000,2025-10-22 18:15:00,2025-10-22 23:15:05.914,2.1220000000,2.1220000000,2.1220000000,2.1220000000,0.0000000000
TONUSDT,1761156900000,2025-10-22 18:15:00,2025-10-22 23:15:07.976,2.1220000000,2.1220000000,2.1210000000,2.1210000000,284.1000000000
TONUSDT,1761156900000,2025-10-22 18:15:00,2025-10-22 23:15:09.672,2.1220000000,2.1220000000,2.1210000000,2.1210000000,284.1000000000
TONUSDT,1761156900000,2025-10-22 18:15:00,2025-10-22 23:15:11.364,2.1220000000,2.1220000000,2.1200000000,2.1200000000,537.3400000000
TONUSDT,1761156900000,2025-10-22 18:15:00,2025-10-22 23:15:13.105,2.1220000000,2.1220000000,2.1200000000,2.1210000000,636.9000000000
TONUSDT,1761156900000,2025-10-22 18:15:00,2025-10-22 23:15:14.924,2.1220000000,2.1220000000,2.1200000000,2.1210000000,636.9000000000
TONUSDT,1761156900000,2025-10-22 18:15:00,2025-10-22 23:15:16.562,2.1220000000,2.1220000000,2.1200000000,2.1210000000,636.9000000000
TONUSDT,1761156900000,2025-10-22 18:15:00,2025-10-22 23:15:18.287,2.1220000000,2.1220000000,2.1200000000,2.1200000000,1159.7700000000
TONUSDT,1761156900000,2025-10-22 18:15:00,2025-10-22 23:15:19.890,2.1220000000,2.1220000000,2.1200000000,2.1200000000,1188.0700000000
TONUSDT,1761156900000,2025-10-22 18:15:00,2025-10-22 23:15:21.527,2.1220000000,2.1220000000,2.1190000000,2.1190000000,2372.7100000000
TONUSDT,1761156900000,2025-10-22 18:15:00,2025-10-22 23:15:23.175,2.1220000000,2.1220000000,2.1180000000,2.1180000000,2387.5700000000
TONUSDT,1761156900000,2025-10-22 18:15:00,2025-10-22 23:15:24.823,2.1220000000,2.1220000000,2.1180000000,2.1190000000,3013.5500000000
TONUSDT,1761156900000,2025-10-22 18:15:00,2025-10-22 23:15:26.452,2.1220000000,2.1220000000,2.1180000000,2.1200000000,3018.7400000000
TONUSDT,1761156900000,2025-10-22 18:15:00,2025-10-22 23:15:28.059,2.1220000000,2.1220000000,2.1180000000,2.1200000000,3018.7400000000
TONUSDT,1761156900000,2025-10-22 18:15:00,2025-10-22 23:15:29.713,2.1220000000,2.1220000000,2.1180000000,2.1200000000,3018.7400000000
TONUSDT,1761156900000,2025-10-22 18:15:00,2025-10-22 23:15:31.451,2.1220000000,2.1220000000,2.1180000000,2.1200000000,3018.7400000000
TONUSDT,1761156900000,2025-10-22 18:15:00,2025-10-22 23:15:33.111,2.1220000000,2.1220000000,2.1180000000,2.1200000000,3018.7400000000
TONUSDT,1761156900000,2025-10-22 18:15:00,2025-10-22 23:15:35.132,2.1220000000,2.1220000000,2.1180000000,2.1200000000,3018.7400000000
TONUSDT,1761156900000,2025-10-22 18:15:00,2025-10-22 23:15:36.891,2.1220000000,2.1220000000,2.1180000000,2.1190000000,3031.8300000000
TONUSDT,1761156900000,2025-10-22 18:15:00,2025-10-22 23:15:38.527,2.1220000000,2.1220000000,2.1180000000,2.1190000000,3031.8300000000
TONUSDT,1761156900000,2025-10-22 18:15:00,2025-10-22 23:15:40.165,2.1220000000,2.1220000000,2.1180000000,2.1200000000,3267.6800000000
TONUSDT,1761156900000,2025-10-22 18:15:00,2025-10-22 23:15:41.974,2.1220000000,2.1220000000,2.1180000000,2.1200000000,3267.6800000000
TONUSDT,1761156900000,2025-10-22 18:15:00,2025-10-22 23:15:43.722,2.1220000000,2.1220000000,2.1180000000,2.1200000000,3267.6800000000
TONUSDT,1761156900000,2025-10-22 18:15:00,2025-10-22 23:15:45.309,2.1220000000,2.1220000000,2.1180000000,2.1200000000,3267.6800000000
TONUSDT,1761156900000,2025-10-22 18:15:00,2025-10-22 23:15:46.956,2.1220000000,2.1220000000,2.1180000000,2.1200000000,3267.6800000000
TONUSDT,1761156900000,2025-10-22 18:15:00,2025-10-22 23:15:48.596,2.1220000000,2.1220000000,2.1180000000,2.1200000000,3267.6800000000
TONUSDT,1761156900000,2025-10-22 18:15:00,2025-10-22 23:15:50.236,2.1220000000,2.1220000000,2.1180000000,2.1210000000,3274.7600000000
TONUSDT,1761156900000,2025-10-22 18:15:00,2025-10-22 23:15:51.898,2.1220000000,2.1220000000,2.1180000000,2.1210000000,3844.0300000000
TONUSDT,1761156900000,2025-10-22 18:15:00,2025-10-22 23:15:53.544,2.1220000000,2.1220000000,2.1180000000,2.1210000000,3844.0300000000
TONUSDT,1761156900000,2025-10-22 18:15:00,2025-10-22 23:15:55.402,2.1220000000,2.1220000000,2.1180000000,2.1210000000,3844.0300000000
TONUSDT,1761156900000,2025-10-22 18:15:00,2025-10-22 23:15:57.171,2.1220000000,2.1220000000,2.1180000000,2.1200000000,3910.8100000000
TONUSDT,1761156900000,2025-10-22 18:15:00,2025-10-22 23:15:58.801,2.1220000000,2.1220000000,2.1180000000,2.1200000000,3910.8100000000
TONUSDT,1761156900000,2025-10-22 18:15:00,2025-10-22 23:16:00.419,2.1220000000,2.1220000000,2.1180000000,2.1200000000,3910.8100000000
TONUSDT,1761156960000,2025-10-22 18:16:00,2025-10-22 23:16:02.063,2.1200000000,2.1200000000,2.1200000000,2.1200000000,78.6100000000
TONUSDT,1761156960000,2025-10-22 18:16:00,2025-10-22 23:16:03.695,2.1200000000,2.1200000000,2.1190000000,2.1190000000,145.7300000000
TONUSDT,1761156960000,2025-10-22 18:16:00,2025-10-22 23:16:05.331,2.1200000000,2.1200000000,2.1190000000,2.1190000000,145.7300000000
TONUSDT,1761156960000,2025-10-22 18:16:00,2025-10-22 23:16:07.077,2.1200000000,2.1200000000,2.1190000000,2.1190000000,145.7300000000
TONUSDT,1761156960000,2025-10-22 18:16:00,2025-10-22 23:16:08.719,2.1200000000,2.1200000000,2.1190000000,2.1190000000,145.7300000000
TONUSDT,1761156960000,2025-10-22 18:16:00,2025-10-22 23:16:10.332,2.1200000000,2.1200000000,2.1190000000,2.1190000000,145.7300000000
TONUSDT,1761156960000,2025-10-22 18:16:00,2025-10-22 23:16:12.013,2.1200000000,2.1200000000,2.1190000000,2.1190000000,153.9500000000
TONUSDT,1761156960000,2025-10-22 18:16:00,2025-10-22 23:16:13.659,2.1200000000,2.1200000000,2.1190000000,2.1190000000,153.9500000000
TONUSDT,1761156960000,2025-10-22 18:16:00,2025-10-22 23:16:15.458,2.1200000000,2.1200000000,2.1190000000,2.1190000000,153.9500000000
TONUSDT,1761156960000,2025-10-22 18:16:00,2025-10-22 23:16:17.172,2.1200000000,2.1200000000,2.1190000000,2.1190000000,153.9500000000
TONUSDT,1761156960000,2025-10-22 18:16:00,2025-10-22 23:16:18.782,2.1200000000,2.1200000000,2.1190000000,2.1190000000,155.9500000000
TONUSDT,1761156960000,2025-10-22 18:16:00,2025-10-22 23:16:20.408,2.1200000000,2.1200000000,2.1170000000,2.1170000000,365.9000000000
TONUSDT,1761156960000,2025-10-22 18:16:00,2025-10-22 23:16:22.068,2.1200000000,2.1200000000,2.1170000000,2.1180000000,372.8300000000
TONUSDT,1761156960000,2025-10-22 18:16:00,2025-10-22 23:16:23.691,2.1200000000,2.1200000000,2.1170000000,2.1180000000,372.8300000000
TONUSDT,1761156960000,2025-10-22 18:16:00,2025-10-22 23:16:25.368,2.1200000000,2.1200000000,2.1170000000,2.1180000000,409.3100000000
TONUSDT,1761156960000,2025-10-22 18:16:00,2025-10-22 23:16:27.039,2.1200000000,2.1200000000,2.1170000000,2.1180000000,447.1000000000
TONUSDT,1761156960000,2025-10-22 18:16:00,2025-10-22 23:16:28.698,2.1200000000,2.1200000000,2.1170000000,2.1190000000,480.9100000000
TONUSDT,1761156960000,2025-10-22 18:16:00,2025-10-22 23:16:30.343,2.1200000000,2.1200000000,2.1170000000,2.1190000000,480.9100000000
TONUSDT,1761156960000,2025-10-22 18:16:00,2025-10-22 23:16:32.027,2.1200000000,2.1200000000,2.1170000000,2.1190000000,480.9100000000
TONUSDT,1761156960000,2025-10-22 18:16:00,2025-10-22 23:16:33.686,2.1200000000,2.1200000000,2.1170000000,2.1190000000,480.9100000000
TONUSDT,1761156960000,2025-10-22 18:16:00,2025-10-22 23:16:35.303,2.1200000000,2.1200000000,2.1170000000,2.1190000000,480.9100000000
TONUSDT,1761156960000,2025-10-22 18:16:00,2025-10-22 23:16:37.086,2.1200000000,2.1200000000,2.1170000000,2.1190000000,480.9100000000
TONUSDT,1761156960000,2025-10-22 18:16:00,2025-10-22 23:16:38.785,2.1200000000,2.1200000000,2.1170000000,2.1170000000,2578.3400000000
TONUSDT,1761156960000,2025-10-22 18:16:00,2025-10-22 23:16:40.453,2.1200000000,2.1200000000,2.1170000000,2.1170000000,2677.7800000000
TONUSDT,1761156960000,2025-10-22 18:16:00,2025-10-22 23:16:42.103,2.1200000000,2.1200000000,2.1170000000,2.1170000000,2677.7800000000
TONUSDT,1761156960000,2025-10-22 18:16:00,2025-10-22 23:16:43.731,2.1200000000,2.1200000000,2.1160000000,2.1160000000,2710.8800000000
TONUSDT,1761156960000,2025-10-22 18:16:00,2025-10-22 23:16:45.390,2.1200000000,2.1200000000,2.1160000000,2.1170000000,2842.9800000000
TONUSDT,1761156960000,2025-10-22 18:16:00,2025-10-22 23:16:47.433,2.1200000000,2.1200000000,2.1160000000,2.1170000000,2849.3000000000
TONUSDT,1761156960000,2025-10-22 18:16:00,2025-10-22 23:16:49.094,2.1200000000,2.1200000000,2.1160000000,2.1170000000,2849.3000000000
TONUSDT,1761156960000,2025-10-22 18:16:00,2025-10-22 23:16:50.820,2.1200000000,2.1200000000,2.1160000000,2.1180000000,2852.5400000000
TONUSDT,1761156960000,2025-10-22 18:16:00,2025-10-22 23:16:52.537,2.1200000000,2.1200000000,2.1160000000,2.1180000000,2892.7700000000
TONUSDT,1761156960000,2025-10-22 18:16:00,2025-10-22 23:16:54.160,2.1200000000,2.1200000000,2.1160000000,2.1180000000,2892.7700000000
TONUSDT,1761156960000,2025-10-22 18:16:00,2025-10-22 23:16:55.804,2.1200000000,2.1200000000,2.1160000000,2.1180000000,2892.7700000000
TONUSDT,1761156960000,2025-10-22 18:16:00,2025-10-22 23:16:57.451,2.1200000000,2.1200000000,2.1160000000,2.1170000000,2970.4100000000
TONUSDT,1761156960000,2025-10-22 18:16:00,2025-10-22 23:16:59.178,2.1200000000,2.1200000000,2.1160000000,2.1170000000,2978.4100000000
TONUSDT,1761157020000,2025-10-22 18:17:00,2025-10-22 23:17:00.877,2.1180000000,2.1180000000,2.1170000000,2.1170000000,24.1300000000
TONUSDT,1761157020000,2025-10-22 18:17:00,2025-10-22 23:17:02.502,2.1180000000,2.1180000000,2.1170000000,2.1170000000,24.1300000000
TONUSDT,1761157020000,2025-10-22 18:17:00,2025-10-22 23:17:04.109,2.1180000000,2.1180000000,2.1170000000,2.1170000000,215.6600000000
TONUSDT,1761157020000,2025-10-22 18:17:00,2025-10-22 23:17:05.742,2.1180000000,2.1180000000,2.1170000000,2.1170000000,215.6600000000
TONUSDT,1761157020000,2025-10-22 18:17:00,2025-10-22 23:17:07.350,2.1180000000,2.1180000000,2.1170000000,2.1170000000,215.6600000000
TONUSDT,1761157020000,2025-10-22 18:17:00,2025-10-22 23:17:09.059,2.1180000000,2.1180000000,2.1170000000,2.1170000000,215.6600000000
TONUSDT,1761157020000,2025-10-22 18:17:00,2025-10-22 23:17:10.689,2.1180000000,2.1180000000,2.1170000000,2.1170000000,215.6600000000
TONUSDT,1761157020000,2025-10-22 18:17:00,2025-10-22 23:17:12.378,2.1180000000,2.1190000000,2.1170000000,2.1190000000,336.2900000000
TONUSDT,1761157020000,2025-10-22 18:17:00,2025-10-22 23:17:14.030,2.1180000000,2.1190000000,2.1170000000,2.1190000000,336.2900000000
TONUSDT,1761157020000,2025-10-22 18:17:00,2025-10-22 23:17:15.679,2.1180000000,2.1190000000,2.1170000000,2.1190000000,336.2900000000
TONUSDT,1761157020000,2025-10-22 18:17:00,2025-10-22 23:17:17.320,2.1180000000,2.1190000000,2.1170000000,2.1190000000,341.0500000000
TONUSDT,1761157020000,2025-10-22 18:17:00,2025-10-22 23:17:18.958,2.1180000000,2.1190000000,2.1170000000,2.1190000000,341.0500000000
TONUSDT,1761157020000,2025-10-22 18:17:00,2025-10-22 23:17:20.620,2.1180000000,2.1190000000,2.1170000000,2.1190000000,341.0500000000
TONUSDT,1761157020000,2025-10-22 18:17:00,2025-10-22 23:17:22.309,2.1180000000,2.1190000000,2.1170000000,2.1190000000,341.0500000000
TONUSDT,1761157020000,2025-10-22 18:17:00,2025-10-22 23:17:23.979,2.1180000000,2.1190000000,2.1170000000,2.1180000000,364.6600000000
TONUSDT,1761157020000,2025-10-22 18:17:00,2025-10-22 23:17:26.057,2.1180000000,2.1190000000,2.1170000000,2.1170000000,374.6600000000
TONUSDT,1761157020000,2025-10-22 18:17:00,2025-10-22 23:17:28.062,2.1180000000,2.1190000000,2.1170000000,2.1170000000,374.6600000000
TONUSDT,1761157020000,2025-10-22 18:17:00,2025-10-22 23:17:29.711,2.1180000000,2.1190000000,2.1170000000,2.1170000000,374.6600000000
TONUSDT,1761157020000,2025-10-22 18:17:00,2025-10-22 23:17:31.387,2.1180000000,2.1190000000,2.1170000000,2.1170000000,381.7400000000
TONUSDT,1761157020000,2025-10-22 18:17:00,2025-10-22 23:17:32.999,2.1180000000,2.1190000000,2.1170000000,2.1170000000,381.7400000000
TONUSDT,1761157020000,2025-10-22 18:17:00,2025-10-22 23:17:34.609,2.1180000000,2.1190000000,2.1170000000,2.1170000000,381.7400000000
TONUSDT,1761157020000,2025-10-22 18:17:00,2025-10-22 23:17:36.284,2.1180000000,2.1190000000,2.1170000000,2.1170000000,572.9100000000
TONUSDT,1761157020000,2025-10-22 18:17:00,2025-10-22 23:17:37.937,2.1180000000,2.1190000000,2.1170000000,2.1180000000,623.7800000000
TONUSDT,1761157020000,2025-10-22 18:17:00,2025-10-22 23:17:39.606,2.1180000000,2.1190000000,2.1170000000,2.1180000000,623.7800000000
TONUSDT,1761157020000,2025-10-22 18:17:00,2025-10-22 23:17:41.253,2.1180000000,2.1190000000,2.1170000000,2.1180000000,623.7800000000
TONUSDT,1761157020000,2025-10-22 18:17:00,2025-10-22 23:17:42.904,2.1180000000,2.1190000000,2.1170000000,2.1180000000,623.7800000000
TONUSDT,1761157020000,2025-10-22 18:17:00,2025-10-22 23:17:44.530,2.1180000000,2.1190000000,2.1170000000,2.1180000000,623.7800000000
TONUSDT,1761157020000,2025-10-22 18:17:00,2025-10-22 23:17:46.181,2.1180000000,2.1190000000,2.1170000000,2.1180000000,694.9900000000
TONUSDT,1761157020000,2025-10-22 18:17:00,2025-10-22 23:17:47.838,2.1180000000,2.1190000000,2.1170000000,2.1180000000,772.2300000000
TONUSDT,1761157020000,2025-10-22 18:17:00,2025-10-22 23:17:49.448,2.1180000000,2.1190000000,2.1170000000,2.1180000000,785.6100000000
TONUSDT,1761157020000,2025-10-22 18:17:00,2025-10-22 23:17:51.190,2.1180000000,2.1190000000,2.1170000000,2.1180000000,785.6100000000
TONUSDT,1761157020000,2025-10-22 18:17:00,2025-10-22 23:17:52.837,2.1180000000,2.1190000000,2.1170000000,2.1180000000,785.6100000000
TONUSDT,1761157020000,2025-10-22 18:17:00,2025-10-22 23:17:54.489,2.1180000000,2.1190000000,2.1170000000,2.1180000000,785.6100000000
TONUSDT,1761157020000,2025-10-22 18:17:00,2025-10-22 23:17:56.149,2.1180000000,2.1190000000,2.1170000000,2.1180000000,785.6100000000
TONUSDT,1761157020000,2025-10-22 18:17:00,2025-10-22 23:17:57.816,2.1180000000,2.1190000000,2.1170000000,2.1180000000,785.6100000000
TONUSDT,1761157020000,2025-10-22 18:17:00,2025-10-22 23:17:59.849,2.1180000000,2.1190000000,2.1170000000,2.1180000000,785.6100000000
TONUSDT,1761157080000,2025-10-22 18:18:00,2025-10-22 23:18:01.484,2.1180000000,2.1180000000,2.1180000000,2.1180000000,0.0000000000
TONUSDT,1761157080000,2025-10-22 18:18:00,2025-10-22 23:18:03.141,2.1180000000,2.1180000000,2.1180000000,2.1180000000,0.0000000000
TONUSDT,1761157080000,2025-10-22 18:18:00,2025-10-22 23:18:04.780,2.1180000000,2.1180000000,2.1180000000,2.1180000000,0.0000000000
TONUSDT,1761157080000,2025-10-22 18:18:00,2025-10-22 23:18:06.378,2.1180000000,2.1180000000,2.1180000000,2.1180000000,0.0000000000
TONUSDT,1761157080000,2025-10-22 18:18:00,2025-10-22 23:18:07.976,2.1180000000,2.1180000000,2.1180000000,2.1180000000,0.0000000000
TONUSDT,1761157080000,2025-10-22 18:18:00,2025-10-22 23:18:09.988,2.1180000000,2.1180000000,2.1180000000,2.1180000000,0.0000000000
TONUSDT,1761157080000,2025-10-22 18:18:00,2025-10-22 23:18:11.649,2.1180000000,2.1180000000,2.1180000000,2.1180000000,0.0000000000
TONUSDT,1761157080000,2025-10-22 18:18:00,2025-10-22 23:18:13.274,2.1180000000,2.1190000000,2.1180000000,2.1190000000,18.9300000000
TONUSDT,1761157080000,2025-10-22 18:18:00,2025-10-22 23:18:15.249,2.1180000000,2.1190000000,2.1180000000,2.1190000000,18.9300000000
TONUSDT,1761157080000,2025-10-22 18:18:00,2025-10-22 23:18:16.944,2.1180000000,2.1190000000,2.1180000000,2.1190000000,18.9300000000
TONUSDT,1761157080000,2025-10-22 18:18:00,2025-10-22 23:18:18.580,2.1180000000,2.1190000000,2.1180000000,2.1190000000,18.9300000000
TONUSDT,1761157080000,2025-10-22 18:18:00,2025-10-22 23:18:20.212,2.1180000000,2.1190000000,2.1180000000,2.1190000000,18.9300000000
TONUSDT,1761157080000,2025-10-22 18:18:00,2025-10-22 23:18:21.837,2.1180000000,2.1190000000,2.1180000000,2.1180000000,101.5900000000
TONUSDT,1761157080000,2025-10-22 18:18:00,2025-10-22 23:18:23.450,2.1180000000,2.1190000000,2.1170000000,2.1170000000,243.6200000000
TONUSDT,1761157080000,2025-10-22 18:18:00,2025-10-22 23:18:25.050,2.1180000000,2.1190000000,2.1160000000,2.1180000000,968.8300000000
TONUSDT,1761157080000,2025-10-22 18:18:00,2025-10-22 23:18:26.660,2.1180000000,2.1190000000,2.1160000000,2.1180000000,968.8300000000
TONUSDT,1761157080000,2025-10-22 18:18:00,2025-10-22 23:18:28.289,2.1180000000,2.1190000000,2.1160000000,2.1180000000,969.8200000000
TONUSDT,1761157080000,2025-10-22 18:18:00,2025-10-22 23:18:30.074,2.1180000000,2.1190000000,2.1160000000,2.1180000000,969.8200000000
TONUSDT,1761157080000,2025-10-22 18:18:00,2025-10-22 23:18:31.834,2.1180000000,2.1190000000,2.1160000000,2.1180000000,969.8200000000
TONUSDT,1761157080000,2025-10-22 18:18:00,2025-10-22 23:18:33.512,2.1180000000,2.1190000000,2.1160000000,2.1180000000,969.8200000000
TONUSDT,1761157080000,2025-10-22 18:18:00,2025-10-22 23:18:35.194,2.1180000000,2.1190000000,2.1160000000,2.1180000000,969.8200000000
TONUSDT,1761157080000,2025-10-22 18:18:00,2025-10-22 23:18:36.934,2.1180000000,2.1190000000,2.1160000000,2.1180000000,1061.5700000000
TONUSDT,1761157080000,2025-10-22 18:18:00,2025-10-22 23:18:38.650,2.1180000000,2.1190000000,2.1160000000,2.1180000000,1061.5700000000
TONUSDT,1761157080000,2025-10-22 18:18:00,2025-10-22 23:18:40.353,2.1180000000,2.1190000000,2.1160000000,2.1180000000,1061.5700000000
TONUSDT,1761157080000,2025-10-22 18:18:00,2025-10-22 23:18:42.141,2.1180000000,2.1190000000,2.1160000000,2.1190000000,1066.6400000000
TONUSDT,1761157080000,2025-10-22 18:18:00,2025-10-22 23:18:43.847,2.1180000000,2.1190000000,2.1160000000,2.1190000000,1066.6400000000
TONUSDT,1761157080000,2025-10-22 18:18:00,2025-10-22 23:18:45.553,2.1180000000,2.1190000000,2.1160000000,2.1190000000,1066.6400000000
TONUSDT,1761157080000,2025-10-22 18:18:00,2025-10-22 23:18:47.233,2.1180000000,2.1190000000,2.1160000000,2.1190000000,1090.2300000000
TONUSDT,1761157080000,2025-10-22 18:18:00,2025-10-22 23:18:48.937,2.1180000000,2.1190000000,2.1160000000,2.1190000000,1090.2300000000
TONUSDT,1761157080000,2025-10-22 18:18:00,2025-10-22 23:18:50.709,2.1180000000,2.1190000000,2.1160000000,2.1190000000,1090.2300000000
TONUSDT,1761157080000,2025-10-22 18:18:00,2025-10-22 23:18:52.329,2.1180000000,2.1190000000,2.1160000000,2.1190000000,1090.2300000000
TONUSDT,1761157080000,2025-10-22 18:18:00,2025-10-22 23:18:53.943,2.1180000000,2.1190000000,2.1160000000,2.1190000000,1090.2300000000
TONUSDT,1761157080000,2025-10-22 18:18:00,2025-10-22 23:18:55.591,2.1180000000,2.1190000000,2.1160000000,2.1190000000,1090.2300000000
TONUSDT,1761157080000,2025-10-22 18:18:00,2025-10-22 23:18:57.263,2.1180000000,2.1190000000,2.1160000000,2.1190000000,1090.2300000000
TONUSDT,1761157080000,2025-10-22 18:18:00,2025-10-22 23:18:58.908,2.1180000000,2.1190000000,2.1160000000,2.1190000000,1090.2300000000
TONUSDT,1761157080000,2025-10-22 18:18:00,2025-10-22 23:19:00.523,2.1180000000,2.1190000000,2.1160000000,2.1180000000,1169.3700000000
TONUSDT,1761157140000,2025-10-22 18:19:00,2025-10-22 23:19:02.157,2.1180000000,2.1180000000,2.1180000000,2.1180000000,0.0000000000
TONUSDT,1761157140000,2025-10-22 18:19:00,2025-10-22 23:19:03.834,2.1180000000,2.1180000000,2.1180000000,2.1180000000,0.0000000000
TONUSDT,1761157140000,2025-10-22 18:19:00,2025-10-22 23:19:05.526,2.1180000000,2.1180000000,2.1180000000,2.1180000000,0.0000000000
TONUSDT,1761157140000,2025-10-22 18:19:00,2025-10-22 23:19:07.192,2.1180000000,2.1180000000,2.1180000000,2.1180000000,14.1200000000
TONUSDT,1761157140000,2025-10-22 18:19:00,2025-10-22 23:19:08.820,2.1180000000,2.1180000000,2.1180000000,2.1180000000,61.3300000000
TONUSDT,1761157140000,2025-10-22 18:19:00,2025-10-22 23:19:10.596,2.1180000000,2.1180000000,2.1170000000,2.1170000000,85.7600000000
TONUSDT,1761157140000,2025-10-22 18:19:00,2025-10-22 23:19:12.315,2.1180000000,2.1190000000,2.1170000000,2.1190000000,282.2400000000
